www.jobs.com,frontend developer,backend developer,full stack,web developer,cybersecurity
www.languages.com,c++,python,java,html,php
www.subjects.com,analysis,discrete,physics,calculus,data structures
www.approaches.com,bruteforce,backtracking,dynamic programing,data structures,greedy
www.countries.com,egypt,germany,usa,france,cybersecurity
www.universities.com,cairo,egypt,sohag,paris,web
www.machine_learning.com,web,developer,python,analysis,bruteforce
www.sports.com,football,volleyball,frontend,developer,ping pong
www.AUC.com,students,computer engineering,data science,usa,analysis
www.programming.com,html,dynamic,programming,frontend developer,ping pong
www.mentalhealth.com,computer enginnering,mindset,developer,ping pong,bruteforce
www.FamousPeople.com,ellon mask,bill gates,computer ,engineering,data science
www.Music.com,frontend,web developer,developer,cybersecurity,python
www.SocialNetworks.com,facebook,mark zuckerberg,frontend developer,graphs,bruteforce
www.c++reference.com,c++,frontend developer,java script,web developer,dynamic programming
www.algorithms.com,dynamic,programming,graphs,computer engineering,frontend
www.library.com,compter,developer,web ,java,dynamic programming
www.books.com,dynamic,programming,graphs,java,script
www.startups.com,java,engineering,greedy,backend,facebook
www.SocialMedia.com,facebook,mark zuckerberg,instagram,backend developer,dynamic
www.cultures.com,usa,egypt,frontend developer,cybersecurity,ping pong
www.projects.com,greedy,java script,machine learning,analysis,backtracking
www.OnlineCourses.com,cybersecurity,machine learning,java script,c++,programming
www.interviews.com,bruteforce,java,ellon mask,backend developer,web
www.cars.com,tesla,ellon mask,html,dynamic,data
www.companies.com,tesla,backend,football,data,science
www.universe.com,science,machine,java script,facebook,ellon
www.DifferentSkills.com,engineering,science,discrete,machine learnig,learning
www.internships.com,full stack,data science,frontend developer,programming,facebook
www.FamousAlgorithms.com,frontend,backtracking,machine learning,backend,developer
