www.jobs.com,6
www.languages.com,10
www.subjects.com,3
www.approaches.com,14
www.countries.com,20
www.universities.com,24
www.machine_learning.com,30
www.sports.com,50
www.AUC.com,60
www.programming.com,100
www.mentalhealth.com,55
www.FamousPeople.com,65
www.Music.com,18
www.SocialNetworks.com,80
www.c++reference.com,110
www.algorithms.com,160
www.library.com,90
www.books.com,9
www.startups.com,150
www.SocialMedia.com,52
www.cultures.com,63
www.projects.com,71
www.OnlineCourses.com,37
www.interviews.com,47
www.cars.com,17
www.companies.com,28
www.universe.com,45
www.DifferentSkills.com,76
www.internships.com,82
www.FamousAlgorithms.com,96
