www.jobs.com,www.languages.com
www.jobs.com,www.subjects.com
www.languages.com,www.approaches.com
www.subjects.com,www.countries.com
www.universities.com,www.machine_learning.com
www.sports.com,www.machine_learning.com
www.AUC.com,www.jobs.com
www.languages.com,www.programming.com
www.subjects.com,www.AUC.com
www.approaches.com,www.sports.com
www.countries.com,www.machine_learning.com
www.universities.com,www.programming.com
www.machine_learning.com,www.mentalhealth.com
www.sports.com,www.universities.com
www.AUC.com,www.subjects.com
www.programming.com,www.machine_learning.com
www.mentalhealth.com,www.languages.com
www.FamousPeople.com,www.subjects.com
www.Music.com,www.AUC.com
www.SocialNetworks.com,www.mentalhealth.com
www.c++reference.com,www.FamousPeople.com
www.algorithms.com,www.Music.com
www.library.com,www.AUC.com
www.books.com,www.c++reference.com
www.startups.com,www.SocialNetworks.com
www.SocialMedia.com,www.algorithms.com
www.cultures.com,www.algorithms.com
www.projects.com,www.algorithms.com
www.OnlineCourses.com,www.library.com
www.interviews.com,www.books.com
www.cars.com,www.startups.com
www.companies.com,www.SocialMedia.com
www.universe.com,www.cultures.com
www.internships.com,www.OnlineCourses.com
www.FamousAlgorithms.com,www.interviews.com
www.companies.com,www.universe.com
www.DifferentSkills.com,www.internships.com
www.internships.com,www.FamousAlgorithms.com
www.projects.com,www.DifferentSkills.com
www.startups.com,www.cars.com
www.OnlineCourses.com,www.algorithms.com
www.FamousAlgorithms.com,www.companies.com
www.library.com,www.startups.com
www.mentalhealth.com,www.algorithms.com
www.c++reference.com,www.AUC.com
www.approaches.com,www.c++reference.com
www.SocialMedia.com,www.SocialNetworks.com
www.Music.com,www.cultures.com
www.internships.com,www.companies.com
www.countries.com,www.library.com
www.FamousAlgorithms.com,www.c++reference.com
www.OnlineCourses.com,www.projects.com
www.internships.com,www.AUC.com
www.mentalhealth.com,www.countries.com
www.companies.com,www.SocialNetworks.com
www.cultures.com,www.languages.com
www.sports.com,www.mentalhealth.com
www.algorithms.com,www.internships.com
www.approaches.com,www.books.com
www.universe.com,www.SocialMedia.com
www.library.com,www.internships.com
www.FamousAlgorithms.com,www.OnlineCourses.com
www.companies.com,www.cars.com
www.FamousPeople.com,www.companies.com
www.machine_learning.com,www.c++reference.com
www.SocialMedia.com,www.algorithms.com
www.projects.com,www.AUC.com
www.FamousPeople.com,www.cultures.com
www.universities.com,www.DifferentSkills.com
www.projects.com,www.sports.com
www.Music.com,www.FamousPeople.com
